Timestamp,Email Address,Full Name,Registered Email ID,College Name
2024-02-02 08:30:00,teacher1@example.com,Teacher One,teacher1@example.com,University A
2024-02-02 09:15:00,teacher2@example.com,Teacher Two,teacher2@example.com,College B
2024-02-02 10:00:00,teacher3@example.com,Teacher Three,teacher3@example.com,Institute C
2024-02-02 11:00:00,teacher4@example.com,Teacher Four,teacher4@example.com,University D
2024-02-02 12:00:00,teacher5@example.com,Teacher Five,teacher5@example.com,College E
2024-02-02 13:00:00,teacher6@example.com,Teacher Six,teacher6@example.com,Institute F
2024-02-02 14:00:00,teacher7@example.com,Teacher Seven,teacher7@example.com,University G
2024-02-02 15:00:00,ella@example.com,Ella Johnson,ellajohnson@example.com,College A
2024-02-02 16:00:00,teacher8@example.com,Teacher Eight,teacher8@example.com,College H
2024-02-02 17:00:00,teacher9@example.com,Teacher Nine,teacher9@example.com,Institute I
2024-02-02 18:00:00,evan@example.com,Evan Davis,evandavis@example.com,Institute C
2024-02-02 19:00:00,teacher10@example.com,Teacher Ten,teacher10@example.com,University J
2024-02-02 20:00:00,teacher11@example.com,Teacher Eleven,teacher11@example.com,College K
2024-02-02 21:00:00,sophia@example.com,Sophia Wilson,sophiawilson@example.com,College E
2024-02-02 22:00:00,teacher12@example.com,Teacher Twelve,teacher12@example.com,Institute L
2024-02-02 23:00:00,lucas@example.com,Lucas Smith,lucassmith@example.com,University M
2024-02-03 00:00:00,teacher13@example.com,Teacher Thirteen,teacher13@example.com,College N
2024-02-03 01:00:00,avery@example.com,Avery White,averywhite@example.com,University D
2024-02-03 02:00:00,teacher14@example.com,Teacher Fourteen,teacher14@example.com,Institute O
2024-02-03 03:00:00,teacher15@example.com,Teacher Fifteen,teacher15@example.com,University P
2024-02-03 04:00:00,owen@example.com,Owen Miller,owenmiller@example.com,Institute F
2024-02-03 05:00:00,teacher16@example.com,Teacher Sixteen,teacher16@example.com,College Q
2024-02-03 06:00:00,carter@example.com,Carter Anderson,carteranderson@example.com,Institute R
2024-02-03 07:00:00,aria@example.com,Aria Clark,ariaclark@example.com,University G
2024-02-03 08:00:00,teacher17@example.com,Teacher Seventeen,teacher17@example.com,University S
2024-02-03 09:00:00,leo@example.com,Leo Brown,leo@example.com,College T
2024-02-03 10:00:00,aurora@example.com,Aurora Taylor,aurorataylor@example.com,Institute U
2024-02-03 11:00:00,henry@example.com,Henry Garcia,henry@example.com,University V